{
"textures": {
    "texture": "item/pistol"
},
"elements": [ 
{
    "__comment": "pistol x32",
    "from": [ 1, 8, 7.5 ],
    "to": [ 12.5, 8.5, 8.5 ],
    "faces": {
        "down":  { "uv": [ 1, 8, 12.5, 7.5 ], "texture": "#texture" },
        "up":    { "uv": [ 12.5, 7.5, 1, 8 ], "rotation": 180, "texture": "#texture" },
        "north": { "uv": [ 1, 8, 12.5, 7.5 ], "rotation": 180, "texture": "#texture" },
        "south": { "uv": [ 1, 7.5, 12.5, 8 ], "texture": "#texture" },
        "west":  { "uv": [ 1, 7.5, 1.5, 8 ], "texture": "#texture" },
        "east":  { "uv": [ 12.5, 7.5, 12, 8 ], "texture": "#texture" }
    }
},
{
    "__comment": "pistol x32",
    "from": [ 2.5, 8.5, 7.5 ],
    "to": [ 12.5, 9, 8.5 ],
    "faces": {
        "down":  { "uv": [ 2.5, 7.5, 12.5, 7 ], "texture": "#texture" },
        "up":    { "uv": [ 12.5, 7, 2.5, 7.5 ], "rotation": 180, "texture": "#texture" },
        "north": { "uv": [ 2.5, 7.5, 12.5, 7 ], "rotation": 180, "texture": "#texture" },
        "south": { "uv": [ 2.5, 7, 12.5, 7.5 ], "texture": "#texture" },
        "west":  { "uv": [ 2.5, 7, 3, 7.5 ], "texture": "#texture" },
        "east":  { "uv": [ 12.5, 7, 12, 7.5 ], "texture": "#texture" }
    }
},
{
    "__comment": "pistol x32",
    "from": [ 2.5, 7.5, 7.5 ],
    "to": [ 9.5, 8, 8.5 ],
    "faces": {
        "down":  { "uv": [ 2.5, 8.5, 9.5, 8 ], "texture": "#texture" },
        "up":    { "uv": [ 9.5, 8, 2.5, 8.5 ], "rotation": 180, "texture": "#texture" },
        "north": { "uv": [ 2.5, 8.5, 9.5, 8 ], "rotation": 180, "texture": "#texture" },
        "south": { "uv": [ 2.5, 8, 9.5, 8.5 ], "texture": "#texture" },
        "west":  { "uv": [ 2.5, 8, 3, 8.5 ], "texture": "#texture" },
        "east":  { "uv": [ 9.5, 8, 9, 8.5 ], "texture": "#texture" }
    }
},
{
    "__comment": "pistol x32",
    "from": [ 3, 9, 7.5 ],
    "to": [ 9.5, 9.5, 8.5 ],
    "faces": {
        "down":  { "uv": [ 3, 7, 9.5, 6.5 ], "texture": "#texture" },
        "up":    { "uv": [ 9.5, 6.5, 3, 7 ], "rotation": 180, "texture": "#texture" },
        "north": { "uv": [ 3, 7, 9.5, 6.5 ], "rotation": 180, "texture": "#texture" },
        "south": { "uv": [ 3, 6.5, 9.5, 7 ], "texture": "#texture" },
        "west":  { "uv": [ 3, 6.5, 3.5, 7 ], "texture": "#texture" },
        "east":  { "uv": [ 9.5, 6.5, 9, 7 ], "texture": "#texture" }
    }
},
{
    "__comment": "pistol x32",
    "from": [ 5, 9.5, 7.625 ],
    "to": [ 5.5, 10.5, 8.375 ],
    "faces": {
        "down":  { "uv": [ 5, 6.5, 5.5, 6 ], "texture": "#texture" },
        "up":    { "uv": [ 5.5, 5.5, 5, 6 ], "rotation": 180, "texture": "#texture" },
        "north": { "uv": [ 5, 6.5, 5.5, 5.5 ], "rotation": 180, "texture": "#texture" },
        "south": { "uv": [ 5, 5.5, 5.5, 6.5 ], "texture": "#texture" },
        "west":  { "uv": [ 5, 5.5, 5.5, 6.5 ], "texture": "#texture" },
        "east":  { "uv": [ 5.5, 5.5, 5, 6.5 ], "texture": "#texture" }
    }
},
{
    "__comment": "pistol x32",
    "from": [ 5.5, 9.5, 7.5 ],
    "to": [ 6.5, 10, 8.5 ],
    "faces": {
        "down":  { "uv": [ 5.5, 6.5, 6.5, 6 ], "texture": "#texture" },
        "up":    { "uv": [ 6.5, 6, 5.5, 6.5 ], "rotation": 180, "texture": "#texture" },
        "north": { "uv": [ 5.5, 6.5, 6.5, 6 ], "rotation": 180, "texture": "#texture" },
        "south": { "uv": [ 5.5, 6, 6.5, 6.5 ], "texture": "#texture" },
        "west":  { "uv": [ 5.5, 6, 6, 6.5 ], "texture": "#texture" },
        "east":  { "uv": [ 6.5, 6, 6, 6.5 ], "texture": "#texture" }
    }
},
{
    "__comment": "pistol x32",
    "from": [ 5.5, 7, 7.5 ],
    "to": [ 6, 7.5, 8.5 ],
    "faces": {
        "down":  { "uv": [ 5.5, 9, 6, 8.5 ], "texture": "#texture" },
        "up":    { "uv": [ 6, 8.5, 5.5, 9 ], "rotation": 180, "texture": "#texture" },
        "north": { "uv": [ 5.5, 9, 6, 8.5 ], "rotation": 180, "texture": "#texture" },
        "south": { "uv": [ 5.5, 8.5, 6, 9 ], "texture": "#texture" },
        "west":  { "uv": [ 5.5, 8.5, 6, 9 ], "texture": "#texture" },
        "east":  { "uv": [ 6, 8.5, 5.5, 9 ], "texture": "#texture" }
    }
},
{
    "__comment": "pistol x32",
    "from": [ 6, 6.5, 7.5 ],
    "to": [ 8, 7, 8.5 ],
    "faces": {
        "down":  { "uv": [ 6, 9.5, 8, 9 ], "texture": "#texture" },
        "up":    { "uv": [ 8, 9, 6, 9.5 ], "rotation": 180, "texture": "#texture" },
        "north": { "uv": [ 6, 9.5, 8, 9 ], "rotation": 180, "texture": "#texture" },
        "south": { "uv": [ 6, 9, 8, 9.5 ], "texture": "#texture" },
        "west":  { "uv": [ 6, 9, 6.5, 9.5 ], "texture": "#texture" },
        "east":  { "uv": [ 8, 9, 7.5, 9.5 ], "texture": "#texture" }
    }
},
{
    "__comment": "pistol x32",
    "from": [ 6.5, 7, 7.5 ],
    "to": [ 7.5, 7.5, 8.5 ],
    "faces": {
        "down":  { "uv": [ 6.5, 9, 7.5, 8.5 ], "texture": "#texture" },
        "up":    { "uv": [ 7.5, 8.5, 6.5, 9 ], "rotation": 180, "texture": "#texture" },
        "north": { "uv": [ 6.5, 9, 7.5, 8.5 ], "rotation": 180, "texture": "#texture" },
        "south": { "uv": [ 6.5, 8.5, 7.5, 9 ], "texture": "#texture" },
        "west":  { "uv": [ 6.5, 8.5, 7, 9 ], "texture": "#texture" },
        "east":  { "uv": [ 7.5, 8.5, 7, 9 ], "texture": "#texture" }
    }
},
{
    "__comment": "pistol x32",
    "from": [ 7, 5.5, 7.75 ],
    "to": [ 8.5, 6.5, 8.1875 ],
    "faces": {
        "down":  { "uv": [ 7, 10.5, 8.5, 10 ], "texture": "#texture" },
        "up":    { "uv": [ 8.5, 9.5, 7, 10 ], "rotation": 180, "texture": "#texture" },
        "north": { "uv": [ 7, 10.5, 8.5, 9.5 ], "rotation": 180, "texture": "#texture" },
        "south": { "uv": [ 7, 9.5, 8.5, 10.5 ], "texture": "#texture" },
        "west":  { "uv": [ 7, 9.5, 7.5, 10.5 ], "texture": "#texture" },
        "east":  { "uv": [ 8.5, 9.5, 8, 10.5 ], "texture": "#texture" }
    }
},
{
    "__comment": "pistol x32",
    "from": [ 7, 3.5, 7.75 ],
    "to": [ 8, 4.5, 8.1875 ],
    "faces": {
        "down":  { "uv": [ 7, 12.5, 8, 12 ], "texture": "#texture" },
        "up":    { "uv": [ 8, 11.5, 7, 12 ], "rotation": 180, "texture": "#texture" },
        "north": { "uv": [ 7, 12.5, 8, 11.5 ], "rotation": 180, "texture": "#texture" },
        "south": { "uv": [ 7, 11.5, 8, 12.5 ], "texture": "#texture" },
        "west":  { "uv": [ 7, 11.5, 7.5, 12.5 ], "texture": "#texture" },
        "east":  { "uv": [ 8, 11.5, 7.5, 12.5 ], "texture": "#texture" }
    }
},
{
    "__comment": "pistol x32",
    "from": [ 7.5, 4.5, 7.75 ],
    "to": [ 8.5, 5.5, 8.1875 ],
    "faces": {
        "down":  { "uv": [ 7.5, 11.5, 8.5, 11 ], "texture": "#texture" },
        "up":    { "uv": [ 8.5, 10.5, 7.5, 11 ], "rotation": 180, "texture": "#texture" },
        "north": { "uv": [ 7.5, 11.5, 8.5, 10.5 ], "rotation": 180, "texture": "#texture" },
        "south": { "uv": [ 7.5, 10.5, 8.5, 11.5 ], "texture": "#texture" },
        "west":  { "uv": [ 7.5, 10.5, 8, 11.5 ], "texture": "#texture" },
        "east":  { "uv": [ 8.5, 10.5, 8, 11.5 ], "texture": "#texture" }
    }
},
{
    "__comment": "pistol x32",
    "from": [ 8, 4.0625, 7.75 ],
    "to": [ 8.5, 4.5, 8.1875 ],
    "faces": {
        "down":  { "uv": [ 8, 12, 8.5, 11.5 ], "texture": "#texture" },
        "up":    { "uv": [ 8.5, 11.5, 8, 12 ], "rotation": 180, "texture": "#texture" },
        "north": { "uv": [ 8, 12, 8.5, 11.5 ], "rotation": 180, "texture": "#texture" },
        "south": { "uv": [ 8, 11.5, 8.5, 12 ], "texture": "#texture" },
        "west":  { "uv": [ 8, 11.5, 8.5, 12 ], "texture": "#texture" },
        "east":  { "uv": [ 8.5, 11.5, 8, 12 ], "texture": "#texture" }
    }
},
{
    "__comment": "pistol x32",
    "from": [ 10.5, 9, 7.5 ],
    "to": [ 12, 9.5, 8.5 ],
    "faces": {
        "down":  { "uv": [ 10.5, 7, 12, 6.5 ], "texture": "#texture" },
        "up":    { "uv": [ 12, 6.5, 10.5, 7 ], "rotation": 180, "texture": "#texture" },
        "north": { "uv": [ 10.5, 7, 12, 6.5 ], "rotation": 180, "texture": "#texture" },
        "south": { "uv": [ 10.5, 6.5, 12, 7 ], "texture": "#texture" },
        "west":  { "uv": [ 10.5, 6.5, 11, 7 ], "texture": "#texture" },
        "east":  { "uv": [ 12, 6.5, 11.5, 7 ], "texture": "#texture" }
    }
},
{
    "__comment": "pistol x32",
    "from": [ 10.5, 6.5, 7.5 ],
    "to": [ 11.5, 8, 8.5 ],
    "faces": {
        "down":  { "uv": [ 10.5, 9.5, 11.5, 9 ], "texture": "#texture" },
        "up":    { "uv": [ 11.5, 8, 10.5, 8.5 ], "rotation": 180, "texture": "#texture" },
        "north": { "uv": [ 10.5, 9.5, 11.5, 8 ], "rotation": 180, "texture": "#texture" },
        "south": { "uv": [ 10.5, 8, 11.5, 9.5 ], "texture": "#texture" },
        "west":  { "uv": [ 10.5, 8, 11, 9.5 ], "texture": "#texture" },
        "east":  { "uv": [ 11.5, 8, 11, 9.5 ], "texture": "#texture" }
    }
},
{
    "__comment": "pistol x32",
    "from": [ 11.5, 7, 7.5 ],
    "to": [ 12, 8, 8.5 ],
    "faces": {
        "down":  { "uv": [ 11.5, 9, 12, 8.5 ], "texture": "#texture" },
        "up":    { "uv": [ 12, 8, 11.5, 8.5 ], "rotation": 180, "texture": "#texture" },
        "north": { "uv": [ 11.5, 9, 12, 8 ], "rotation": 180, "texture": "#texture" },
        "south": { "uv": [ 11.5, 8, 12, 9 ], "texture": "#texture" },
        "west":  { "uv": [ 11.5, 8, 12, 9 ], "texture": "#texture" },
        "east":  { "uv": [ 12, 8, 11.5, 9 ], "texture": "#texture" }
    }
},
{
    "__comment": "pistol x32",
    "from": [ 12, 7.5, 7.5 ],
    "to": [ 12.5, 8, 8.5 ],
    "faces": {
        "down":  { "uv": [ 12, 8.5, 12.5, 8 ], "texture": "#texture" },
        "up":    { "uv": [ 12.5, 8, 12, 8.5 ], "rotation": 180, "texture": "#texture" },
        "north": { "uv": [ 12, 8.5, 12.5, 8 ], "rotation": 180, "texture": "#texture" },
        "south": { "uv": [ 12, 8, 12.5, 8.5 ], "texture": "#texture" },
        "west":  { "uv": [ 12, 8, 12.5, 8.5 ], "texture": "#texture" },
        "east":  { "uv": [ 12.5, 8, 12, 8.5 ], "texture": "#texture" }
    }
}
],
"display": {
    "thirdperson_righthand": {
        "rotation": [ 0, -90, 0 ],
        "translation": [ 0, 0, 0 ],
        "scale": [ 1.1, 1, 1.17 ]
    },
    "thirdperson_lefthand": {
        "rotation": [ 0, 90, 0 ],
        "translation": [ 0, 0, 0 ],
        "scale": [ 1.1, 1, 1.17 ]
    },
    "firstperson_righthand": {
        "rotation": [ 0, -100, 0 ],
        "translation": [ -1.7, 3.59, 1.7 ],
        "scale": [ 1, 1, 1 ]
    },
    "firstperson_lefthand": {
        "rotation": [ 0, 90, 0 ],
        "translation": [ -3.02, 3.59, 1.7 ],
        "scale": [ 1, 1, 1 ]
    },
    "gui": {
        "rotation": [ 0, 0, 0 ],
        "translation": [ 1.51, 0, 0 ],
        "scale": [ 1, 1, 1 ]
    }
}
}