{
	"textures": {
	"0": "item/pistol",
	"particle": "item/pistol"
	},
	"elements": [
		{
			"from": [7.5, 10, -2],
			"to": [8.5, 11, 3],
			"rotation": {"angle": 0, "axis": "y", "origin": [0, 5, -4]},
			"faces": {
				"north": {"uv": [8, 2, 9, 3], "texture": "#0"},
				"east": {"uv": [6, 3, 11, 4], "texture": "#0"},
				"south": {"uv": [9, 2, 10, 3], "texture": "#0"},
				"west": {"uv": [6, 4, 11, 5], "texture": "#0"},
				"up": {"uv": [5, 12, 4, 7], "texture": "#0"},
				"down": {"uv": [6, 7, 5, 12], "texture": "#0"}
			}
		},
		{
			"from": [8, 11, -2],
			"to": [8, 11.5, -1.5],
			"rotation": {"angle": 0, "axis": "y", "origin": [0, 5, -4]},
			"faces": {
				"north": {"uv": [8, 2, 9, 3], "texture": "#0"},
				"east": {"uv": [15.5, 15, 16, 15.5], "texture": "#0"},
				"south": {"uv": [9, 2, 10, 3], "texture": "#0"},
				"west": {"uv": [15.5, 15.5, 16, 16], "texture": "#0"},
				"up": {"uv": [5, 12, 4, 7], "texture": "#0"},
				"down": {"uv": [6, 7, 5, 12], "texture": "#0"}
			}
		},
		{
			"from": [7.5, 8, 3],
			"to": [8.5, 11, 4],
			"rotation": {"angle": 0, "axis": "y", "origin": [0, 5, -4]},
			"faces": {
				"north": {"uv": [8, 5, 9, 8], "texture": "#0"},
				"east": {"uv": [8, 8, 9, 11], "texture": "#0"},
				"south": {"uv": [9, 5, 10, 8], "texture": "#0"},
				"west": {"uv": [6, 9, 7, 12], "texture": "#0"},
				"up": {"uv": [5, 13, 4, 12], "texture": "#0"},
				"down": {"uv": [13, 4, 12, 5], "texture": "#0"}
			}
		},
		{
			"from": [7.5, 8, 7],
			"to": [8.5, 11, 8],
			"rotation": {"angle": 0, "axis": "y", "origin": [0, 5, -4]},
			"faces": {
				"north": {"uv": [7, 9, 8, 12], "texture": "#0"},
				"east": {"uv": [9, 8, 10, 11], "texture": "#0"},
				"south": {"uv": [0, 10, 1, 13], "texture": "#0"},
				"west": {"uv": [10, 0, 11, 3], "texture": "#0"},
				"up": {"uv": [6, 13, 5, 12], "texture": "#0"},
				"down": {"uv": [13, 5, 12, 6], "texture": "#0"}
			}
		},
		{
			"from": [7.5, 7, 6.5],
			"to": [8.5, 7, 8],
			"rotation": {"angle": 0, "axis": "y", "origin": [0, 5, -4]},
			"faces": {
				"north": {"uv": [0, 0, 1, 0], "texture": "#0"},
				"east": {"uv": [0, 0, 1.5, 0], "texture": "#0"},
				"south": {"uv": [0, 0, 1, 0], "texture": "#0"},
				"west": {"uv": [0, 0, 1.5, 0], "texture": "#0"},
				"up": {"uv": [9, 12.5, 8, 11], "texture": "#0"},
				"down": {"uv": [10, 11, 9, 12.5], "texture": "#0"}
			}
		},
		{
			"from": [7.5, 7, 8],
			"to": [8.5, 8, 8],
			"rotation": {"angle": 0, "axis": "y", "origin": [0, 5, -4]},
			"faces": {
				"north": {"uv": [6, 12, 7, 13], "texture": "#0"},
				"east": {"uv": [0, 0, 0, 1], "texture": "#0"},
				"south": {"uv": [12, 6, 13, 7], "texture": "#0"},
				"west": {"uv": [0, 0, 0, 1], "texture": "#0"},
				"up": {"uv": [1, 0, 0, 0], "texture": "#0"},
				"down": {"uv": [1, 0, 0, 0], "texture": "#0"}
			}
		},
		{
			"from": [7.5, 7, 6.5],
			"to": [8.5, 8, 6.5],
			"rotation": {"angle": 0, "axis": "y", "origin": [0, 5, -4]},
			"faces": {
				"north": {"uv": [7, 12, 8, 13], "texture": "#0"},
				"east": {"uv": [0, 0, 0, 1], "texture": "#0"},
				"south": {"uv": [12, 7, 13, 8], "texture": "#0"},
				"west": {"uv": [0, 0, 0, 1], "texture": "#0"},
				"up": {"uv": [1, 0, 0, 0], "texture": "#0"},
				"down": {"uv": [1, 0, 0, 0], "texture": "#0"}
			}
		},
		{
			"from": [7.5, 8, 8],
			"to": [8.5, 10, 9],
			"rotation": {"angle": 0, "axis": "y", "origin": [0, 5, -4]},
			"faces": {
				"north": {"uv": [11, 0, 12, 2], "texture": "#0"},
				"east": {"uv": [11, 2, 12, 4], "texture": "#0"},
				"south": {"uv": [11, 4, 12, 6], "texture": "#0"},
				"west": {"uv": [11, 6, 12, 8], "texture": "#0"},
				"up": {"uv": [13, 9, 12, 8], "texture": "#0"},
				"down": {"uv": [13, 9, 12, 10], "texture": "#0"}
			}
		},
		{
			"from": [7.5, 10, 8],
			"to": [8.5, 11, 8],
			"rotation": {"angle": 22.5, "axis": "x", "origin": [8, 10, 8]},
			"faces": {
				"north": {"uv": [10, 12, 11, 13], "texture": "#0"},
				"east": {"uv": [0, 0, 0, 1], "texture": "#0"},
				"south": {"uv": [12, 10, 13, 11], "texture": "#0"},
				"west": {"uv": [0, 0, 0, 1], "texture": "#0"},
				"up": {"uv": [1, 0, 0, 0], "texture": "#0"},
				"down": {"uv": [1, 0, 0, 0], "texture": "#0"}
			}
		},
		{
			"from": [7.25, 5, 8],
			"to": [8.75, 9.5, 9.5],
			"rotation": {"angle": -22.5, "axis": "x", "origin": [8, 9, 9]},
			"faces": {
				"north": {"uv": [0, 0, 1.5, 4.5], "texture": "#0"},
				"east": {"uv": [2, 0, 3.5, 4.5], "texture": "#0"},
				"south": {"uv": [4, 0, 5.5, 4.5], "texture": "#0"},
				"west": {"uv": [0, 5, 1.5, 9.5], "texture": "#0"},
				"up": {"uv": [11.5, 9.5, 10, 8], "texture": "#0"},
				"down": {"uv": [11.5, 10, 10, 11.5], "texture": "#0"}
			}
		},
		{
			"from": [7.5, 8, 4],
			"to": [8.5, 8.5, 7],
			"rotation": {"angle": 0, "axis": "y", "origin": [0, 5, -4]},
			"faces": {
				"north": {"uv": [11, 12, 12, 12.5], "texture": "#0"},
				"east": {"uv": [12, 0, 15, 0.5], "texture": "#0"},
				"south": {"uv": [12, 11, 13, 11.5], "texture": "#0"},
				"west": {"uv": [12, 1, 15, 1.5], "texture": "#0"},
				"up": {"uv": [2, 13, 1, 10], "texture": "#0"},
				"down": {"uv": [3, 10, 2, 13], "texture": "#0"}
			}
		},
		{
			"from": [7, 8.5, 4],
			"to": [9, 10.5, 7],
			"rotation": {"angle": 0, "axis": "z", "origin": [8, 9.5, 5]},
			"faces": {
				"north": {"uv": [6, 7, 8, 9], "texture": "#0"},
				"east": {"uv": [2, 5, 5, 7], "texture": "#0"},
				"south": {"uv": [8, 0, 10, 2], "texture": "#0"},
				"west": {"uv": [5, 5, 8, 7], "texture": "#0"},
				"up": {"uv": [8, 3, 6, 0], "texture": "#0"},
				"down": {"uv": [4, 7, 2, 10], "texture": "#0"}
			}
		},
		{
			"from": [7.5, 10.5, 4],
			"to": [8.5, 11, 7],
			"rotation": {"angle": 0, "axis": "y", "origin": [0, 5, -4]},
			"faces": {
				"north": {"uv": [12, 12, 13, 12.5], "texture": "#0"},
				"east": {"uv": [12, 2, 15, 2.5], "texture": "#0"},
				"south": {"uv": [0, 13, 1, 13.5], "texture": "#0"},
				"west": {"uv": [12, 3, 15, 3.5], "texture": "#0"},
				"up": {"uv": [4, 13, 3, 10], "texture": "#0"},
				"down": {"uv": [11, 5, 10, 8], "texture": "#0"}
			}
		}
	],
	"display": {
		"gui": {
			"rotation": [90, 45, -90],
			"translation": [1.5, -3, 0]
		},
		"head": {
			"translation": [0, 7.5, 0]
		},
		"fixed": {
			"rotation": [0, -90, 0],
			"translation": [-3.25, 0, -1]
		}
	},
	"groups": [
		{
			"name": "group",
			"origin": [8, 8, 8],
			"color": 0,
			"nbt": "{}",
			"children": [0, 1, 2, 3, 4, 5, 6, 7, 8, 9, 10, 11, 12]
		}
	]
}