{
"__comment": "Designed by Sgeorge1970 with BDcraft Cubik PRO 0.96 Beta - http://bdcraft.net",
"textures": {
    "layer0": "item/pistol"
},
"elements": [ 
{
    "__comment": "Gun x32",
    "from": [ 0.5, 8, 7.5 ],
    "to": [ 2, 8.5, 8.25 ],
    "faces": {
        "down":  { "uv": [ 0.5, 8, 13.5, 7.5 ], "texture": "#texture" },
        "up":    { "uv": [ 13.5, 7.5, 0.5, 8 ], "rotation": 180, "texture": "#texture" },
        "north": { "uv": [ 0.5, 8, 13.5, 7.5 ], "rotation": 180, "texture": "#texture" },
        "south": { "uv": [ 0.5, 7.5, 13.5, 8 ], "texture": "#texture" },
        "west":  { "uv": [ 0.5, 7.5, 1, 8 ], "texture": "#texture" },
        "east":  { "uv": [ 13.5, 7.5, 13, 8 ], "texture": "#texture" }
    }
},
{
    "__comment": "Gun x32",
    "from": [ 2, 8.5, 7.25 ],
    "to": [ 13.5, 9, 8.5 ],
    "faces": {
        "down":  { "uv": [ 2, 7.5, 13.5, 7 ], "texture": "#texture" },
        "up":    { "uv": [ 13.5, 7, 2, 7.5 ], "rotation": 180, "texture": "#texture" },
        "north": { "uv": [ 2, 7.5, 13.5, 7 ], "rotation": 180, "texture": "#texture" },
        "south": { "uv": [ 2, 7, 13.5, 7.5 ], "texture": "#texture" },
        "west":  { "uv": [ 2, 7, 2.5, 7.5 ], "texture": "#texture" },
        "east":  { "uv": [ 13.5, 7, 13, 7.5 ], "texture": "#texture" }
    }
},
{
    "__comment": "Gun x32",
    "from": [ 2, 7.5, 7.25 ],
    "to": [ 13.5, 8, 8.5 ],
    "faces": {
        "down":  { "uv": [ 2, 8.5, 13.5, 8 ], "texture": "#texture" },
        "up":    { "uv": [ 13.5, 8, 2, 8.5 ], "rotation": 180, "texture": "#texture" },
        "north": { "uv": [ 2, 8.5, 13.5, 8 ], "rotation": 180, "texture": "#texture" },
        "south": { "uv": [ 2, 8, 13.5, 8.5 ], "texture": "#texture" },
        "west":  { "uv": [ 2, 8, 2.5, 8.5 ], "texture": "#texture" },
        "east":  { "uv": [ 13.5, 8, 13, 8.5 ], "texture": "#texture" }
    }
},
{
    "__comment": "Gun x32",
    "from": [ 2.5, 7, 7.25 ],
    "to": [ 13.5, 7.5, 8.5 ],
    "faces": {
        "down":  { "uv": [ 2.5, 9, 13.5, 8.5 ], "texture": "#texture" },
        "up":    { "uv": [ 13.5, 8.5, 2.5, 9 ], "rotation": 180, "texture": "#texture" },
        "north": { "uv": [ 2.5, 9, 13.5, 8.5 ], "rotation": 180, "texture": "#texture" },
        "south": { "uv": [ 2.5, 8.5, 13.5, 9 ], "texture": "#texture" },
        "west":  { "uv": [ 2.5, 8.5, 3, 9 ], "texture": "#texture" },
        "east":  { "uv": [ 13.5, 8.5, 13, 9 ], "texture": "#texture" }
    }
},
{
    "__comment": "Gun x32",
    "from": [ 4, 6.5, 7.25 ],
    "to": [ 10.5, 7, 8.5 ],
    "faces": {
        "down":  { "uv": [ 4, 9.5, 10.5, 9 ], "texture": "#texture" },
        "up":    { "uv": [ 10.5, 9, 4, 9.5 ], "rotation": 180, "texture": "#texture" },
        "north": { "uv": [ 4, 9.5, 10.5, 9 ], "rotation": 180, "texture": "#texture" },
        "south": { "uv": [ 4, 9, 10.5, 9.5 ], "texture": "#texture" },
        "west":  { "uv": [ 4, 9, 4.5, 9.5 ], "texture": "#texture" },
        "east":  { "uv": [ 10.5, 9, 10, 9.5 ], "texture": "#texture" }
    }
},
{
    "__comment": "Gun x32",
    "from": [ 6, 9, 7.5 ],
    "to": [ 7.5, 10, 8.25 ],
    "faces": {
        "down":  { "uv": [ 6, 7, 7.5, 6.5 ], "texture": "#texture" },
        "up":    { "uv": [ 7.5, 6, 6, 6.5 ], "rotation": 180, "texture": "#texture" },
        "north": { "uv": [ 6, 7, 7.5, 6 ], "rotation": 180, "texture": "#texture" },
        "south": { "uv": [ 6, 6, 7.5, 7 ], "texture": "#texture" },
        "west":  { "uv": [ 6, 6, 6.5, 7 ], "texture": "#texture" },
        "east":  { "uv": [ 7.5, 6, 7, 7 ], "texture": "#texture" }
    }
},
{
    "__comment": "Gun x32",
    "from": [ 6.5, 10, 7.5 ],
    "to": [ 8, 10.5, 8.25 ],
    "faces": {
        "down":  { "uv": [ 6.5, 6, 8, 5.5 ], "texture": "#texture" },
        "up":    { "uv": [ 8, 5.5, 6.5, 6 ], "rotation": 180, "texture": "#texture" },
        "north": { "uv": [ 6.5, 6, 8, 5.5 ], "rotation": 180, "texture": "#texture" },
        "south": { "uv": [ 6.5, 5.5, 8, 6 ], "texture": "#texture" },
        "west":  { "uv": [ 6.5, 5.5, 7, 6 ], "texture": "#texture" },
        "east":  { "uv": [ 8, 5.5, 7.5, 6 ], "texture": "#texture" }
    }
},
{
    "__comment": "Gun x32",
    "from": [ 7.5, 9, 7.5 ],
    "to": [ 9, 9.5, 8.25 ],
    "faces": {
        "down":  { "uv": [ 7.5, 7, 9, 6.5 ], "texture": "#texture" },
        "up":    { "uv": [ 9, 6.5, 7.5, 7 ], "rotation": 180, "texture": "#texture" },
        "north": { "uv": [ 7.5, 7, 9, 6.5 ], "rotation": 180, "texture": "#texture" },
        "south": { "uv": [ 7.5, 6.5, 9, 7 ], "texture": "#texture" },
        "west":  { "uv": [ 7.5, 6.5, 8, 7 ], "texture": "#texture" },
        "east":  { "uv": [ 9, 6.5, 8.5, 7 ], "texture": "#texture" }
    }
},
{
    "__comment": "Gun x32",
    "from": [ 7.5, 6, 7.5 ],
    "to": [ 9.5, 6.5, 8.25 ],
    "faces": {
        "down":  { "uv": [ 7.5, 10, 9.5, 9.5 ], "texture": "#texture" },
        "up":    { "uv": [ 9.5, 9.5, 7.5, 10 ], "rotation": 180, "texture": "#texture" },
        "north": { "uv": [ 7.5, 10, 9.5, 9.5 ], "rotation": 180, "texture": "#texture" },
        "south": { "uv": [ 7.5, 9.5, 9.5, 10 ], "texture": "#texture" },
        "west":  { "uv": [ 7.5, 9.5, 8, 10 ], "texture": "#texture" },
        "east":  { "uv": [ 9.5, 9.5, 9, 10 ], "texture": "#texture" }
    }
},
{
    "__comment": "Gun x32",
    "from": [ 8, 5, 7.5 ],
    "to": [ 10, 6, 8.25 ],
    "faces": {
        "down":  { "uv": [ 8, 11, 10, 10.5 ], "texture": "#texture" },
        "up":    { "uv": [ 10, 10, 8, 10.5 ], "rotation": 180, "texture": "#texture" },
        "north": { "uv": [ 8, 11, 10, 10 ], "rotation": 180, "texture": "#texture" },
        "south": { "uv": [ 8, 10, 10, 11 ], "texture": "#texture" },
        "west":  { "uv": [ 8, 10, 8.5, 11 ], "texture": "#texture" },
        "east":  { "uv": [ 10, 10, 9.5, 11 ], "texture": "#texture" }
    }
},
{
    "__comment": "Gun x32",
    "from": [ 8.5, 4.5, 7.5 ],
    "to": [ 10.5, 5, 8.25 ],
    "faces": {
        "down":  { "uv": [ 8.5, 11.5, 10.5, 11 ], "texture": "#texture" },
        "up":    { "uv": [ 10.5, 11, 8.5, 11.5 ], "rotation": 180, "texture": "#texture" },
        "north": { "uv": [ 8.5, 11.5, 10.5, 11 ], "rotation": 180, "texture": "#texture" },
        "south": { "uv": [ 8.5, 11, 10.5, 11.5 ], "texture": "#texture" },
        "west":  { "uv": [ 8.5, 11, 9, 11.5 ], "texture": "#texture" },
        "east":  { "uv": [ 10.5, 11, 10, 11.5 ], "texture": "#texture" }
    }
},
{
    "__comment": "Gun x32",
    "from": [ 10, 5, 7.5 ],
    "to": [ 10.5, 5.5, 8.25 ],
    "faces": {
        "down":  { "uv": [ 10, 11, 10.5, 10.5 ], "texture": "#texture" },
        "up":    { "uv": [ 10.5, 10.5, 10, 11 ], "rotation": 180, "texture": "#texture" },
        "north": { "uv": [ 10, 11, 10.5, 10.5 ], "rotation": 180, "texture": "#texture" },
        "south": { "uv": [ 10, 10.5, 10.5, 11 ], "texture": "#texture" },
        "west":  { "uv": [ 10, 10.5, 10.5, 11 ], "texture": "#texture" },
        "east":  { "uv": [ 10.5, 10.5, 10, 11 ], "texture": "#texture" }
    }
},
{
    "__comment": "Gun x32",
    "from": [ 11.5, 6, 7.5 ],
    "to": [ 13.5, 7, 8 ],
    "faces": {
        "down":  { "uv": [ 11.5, 10, 13.5, 9.5 ], "texture": "#texture" },
        "up":    { "uv": [ 13.5, 9, 11.5, 9.5 ], "rotation": 180, "texture": "#texture" },
        "north": { "uv": [ 11.5, 10, 13.5, 9 ], "rotation": 180, "texture": "#texture" },
        "south": { "uv": [ 11.5, 9, 13.5, 10 ], "texture": "#texture" },
        "west":  { "uv": [ 11.5, 9, 12, 10 ], "texture": "#texture" },
        "east":  { "uv": [ 13.5, 9, 13, 10 ], "texture": "#texture" }
    }
},
{
    "from": [ 2, 8, 7.25 ],
    "to": [ 13.5, 8.5, 8.5 ],
    "faces": {
        "down":  { "uv": [ 14, 8.5, 2.5, 7.25 ], "texture": "#texture" },
        "up":    { "uv": [ 2, 7.25, 13.5, 8.5 ], "texture": "#texture" },
        "north": { "uv": [ 2.5, 7.5, 14, 8 ], "texture": "#texture" },
        "south": { "uv": [ 2, 7.5, 13.5, 8 ], "texture": "#texture" },
        "west":  { "uv": [ 7.25, 7.5, 8.5, 8 ], "texture": "#texture" },
        "east":  { "uv": [ 7.5, 7.5, 8.75, 8 ], "texture": "#texture" }
    }
}
],
"display": {
    "thirdperson_righthand": {
        "rotation": [ 0, -90, 0 ],
        "translation": [ 0, 0.94, 0 ],
        "scale": [ 1.13, 1, 1 ]
    },
    "thirdperson_lefthand": {
        "rotation": [ 0, 90, 0 ],
        "translation": [ 0, 0.94, 0 ],
        "scale": [ 1.13, 1, 1 ]
    },
    "firstperson_righthand": {
        "rotation": [ 0, -100, 0 ],
        "translation": [ -1.51, 3.78, 1.13 ],
        "scale": [ 1, 1, 1.32 ]
    },
    "firstperson_lefthand": {
        "rotation": [ 0, 90, 0 ],
        "translation": [ -3.59, 3.78, 1.12 ],
        "scale": [ 1, 1, 1.32 ]
    },
    "gui": {
        "rotation": [ 0, 0, 0 ],
        "translation": [ 0.76, 0, 0 ],
        "scale": [ 1, 1, 1 ]
    }
}
}